id,sender_id,recipient_id,amount,date
0,926,531,70.47,2022-01-07
1,280,735,21.88,2022-01-10
2,571,737,44.68,2022-01-13
3,958,945,39.94,2022-01-17
4,373,817,6.98,2022-01-17
5,965,571,7.81,2022-01-17
6,678,400,1.35,2022-01-20
7,960,973,35.81,2022-01-20
8,144,177,67.75,2022-01-26
9,435,870,85.26,2022-01-31
10,899,98,78.96,2022-02-08
11,570,84,1.0,2022-02-09
12,699,931,39.03,2022-02-10
13,958,961,26.79,2022-02-11
14,871,706,12.13,2022-02-13
15,308,973,7.76,2022-02-14
16,686,882,14.93,2022-02-16
17,751,915,22.27,2022-02-17
18,919,538,23.74,2022-02-18
19,111,104,7.4,2022-02-20
20,931,187,13.75,2022-02-20
21,938,452,20.19,2022-02-22
22,814,425,28.96,2022-02-22
23,979,830,45.17,2022-02-22
24,322,64,11.62,2022-02-23
25,915,676,7.51,2022-02-25
26,915,958,20.82,2022-02-28
27,430,518,40.34,2022-03-02
28,820,719,89.06,2022-03-04
29,852,916,18.04,2022-03-06
30,570,105,33.74,2022-03-07
31,385,954,4.36,2022-03-11
32,454,588,9.33,2022-03-18
33,516,890,13.79,2022-03-18
34,981,366,12.47,2022-03-19
35,862,947,44.65,2022-03-25
36,956,936,34.9,2022-03-27
37,83,1000,19.55,2022-04-01
38,258,926,3.49,2022-04-02
39,570,931,29.26,2022-04-03
40,924,915,56.23,2022-04-05
41,960,945,9.36,2022-04-10
42,960,802,29.23,2022-04-26
43,979,815,47.61,2022-05-01
44,986,979,56.93,2022-05-05
45,28,907,12.86,2022-05-06
46,94,76,15.65,2022-05-09
47,960,236,4.95,2022-05-11
48,457,421,52.87,2022-05-14
49,882,472,79.59,2022-05-16
50,272,966,79.49,2022-05-19
51,957,279,33.96,2022-05-21
52,431,472,62.4,2022-05-21
53,66,342,45.42,2022-05-22
54,640,1000,8.46,2022-05-25
55,414,273,19.97,2022-05-28
56,781,461,50.19,2022-05-29
57,430,220,17.46,2022-05-31
58,110,258,1.0,2022-06-05
59,833,813,126.24,2022-06-05
60,878,881,9.88,2022-06-07
61,494,568,44.81,2022-06-08
62,289,535,16.33,2022-06-08
63,452,947,31.89,2022-06-09
64,820,648,62.17,2022-06-09
65,11,171,25.66,2022-06-10
66,979,561,44.62,2022-06-13
67,827,254,7.83,2022-06-13
68,259,965,68.0,2022-06-15
69,387,605,10.9,2022-06-15
70,49,212,33.08,2022-06-26
71,671,160,35.34,2022-06-26
72,48,461,18.51,2022-06-29
73,629,272,43.39,2022-07-02
74,916,960,39.94,2022-07-06
75,206,747,2.79,2022-07-09
76,177,480,34.74,2022-07-11
77,930,933,11.02,2022-07-13
78,915,743,19.17,2022-07-15
79,810,206,17.94,2022-07-22
80,786,408,19.72,2022-07-24
81,22,976,19.84,2022-07-27
82,279,852,71.71,2022-07-27
83,966,827,14.89,2022-07-28
84,735,888,3.73,2022-07-29
85,938,844,52.62,2022-07-29
86,936,530,25.9,2022-07-30
87,251,132,11.67,2022-08-01
88,945,945,78.81,2022-08-19
89,856,238,19.07,2022-08-22
90,463,903,52.03,2022-08-23
91,961,515,61.9,2022-08-25
92,490,914,87.3,2022-08-25
93,979,656,6.39,2022-08-25
94,286,640,53.81,2022-08-26
95,387,971,37.75,2022-08-30
96,885,670,18.73,2022-09-01
97,749,438,23.49,2022-09-05
98,28,491,87.13,2022-09-06
99,912,888,31.92,2022-09-09
100,440,615,10.46,2022-09-10
101,535,968,21.17,2022-09-14
102,191,672,28.4,2022-09-14
103,846,908,49.61,2022-09-15
104,75,932,13.06,2022-09-16
105,279,848,3.02,2022-09-18
106,367,102,83.56,2022-09-18
107,533,234,41.18,2022-09-20
108,940,388,69.61,2022-09-25
109,748,247,76.5,2022-10-03
110,562,770,79.95,2022-10-08
111,674,885,12.32,2022-10-10
112,296,683,10.0,2022-10-11
113,663,187,35.98,2022-10-14
114,144,575,29.51,2022-10-17
115,459,489,36.37,2022-10-17
116,916,377,17.61,2022-10-20
117,283,184,42.04,2022-10-20
118,841,765,39.2,2022-10-21
119,255,328,5.42,2022-10-21
120,251,481,12.91,2022-10-24
121,242,836,35.9,2022-10-28
122,713,718,63.51,2022-10-31
123,979,80,81.89,2022-11-06
124,973,540,43.94,2022-11-08
125,755,936,2.78,2022-11-08
126,660,708,30.12,2022-11-09
127,289,756,78.3,2022-11-11
128,47,163,14.22,2022-11-14
129,879,556,63.95,2022-11-17
130,374,515,78.1,2022-11-18
131,986,737,2.44,2022-11-19
132,950,813,52.8,2022-11-19
133,63,621,22.57,2022-11-20
134,964,1000,32.3,2022-11-21
135,854,273,42.99,2022-11-25
136,48,694,77.19,2022-11-26
137,472,600,18.59,2022-11-29
138,678,846,70.92,2022-11-30
139,976,864,33.41,2022-12-01
140,461,934,5.31,2022-12-01
141,861,937,64.74,2022-12-01
142,960,902,16.46,2022-12-05
143,992,102,78.86,2022-12-06
144,267,812,35.92,2022-12-07
145,221,831,1.59,2022-12-09
146,61,487,6.81,2022-12-09
147,110,830,12.7,2022-12-12
148,554,877,33.99,2022-12-13
149,196,850,16.16,2022-12-14
150,984,345,49.27,2022-12-15
151,331,829,13.73,2022-12-17
152,242,266,96.5,2022-12-18
153,314,927,18.87,2022-12-18
154,981,230,1.0,2022-12-22
155,137,238,38.32,2022-12-30
156,51,140,1.0,2023-01-04
157,630,756,94.64,2023-01-04
158,537,37,1.52,2023-01-05
159,722,963,122.3,2023-01-06
160,687,262,57.67,2023-01-07
161,617,607,22.93,2023-01-08
162,421,267,21.65,2023-01-09
163,966,193,25.04,2023-01-10
164,264,620,47.19,2023-01-12
165,147,380,6.24,2023-01-12
166,807,399,68.15,2023-01-13
167,202,846,72.79,2023-01-14
168,902,939,13.01,2023-01-15
169,925,976,37.77,2023-01-18
170,620,108,23.77,2023-01-18
171,878,907,75.24,2023-01-19
172,833,607,47.77,2023-01-19
173,289,990,122.1,2023-01-22
174,455,749,28.53,2023-01-22
175,769,885,15.39,2023-01-25
176,970,660,82.99,2023-01-25
177,984,997,30.56,2023-01-25
178,739,316,40.22,2023-01-26
179,930,902,13.13,2023-01-28
180,881,415,4.19,2023-01-30
181,960,118,53.0,2023-02-03
182,926,965,45.91,2023-02-06
183,986,258,6.97,2023-02-06
184,351,920,23.69,2023-02-06
185,875,939,12.4,2023-02-07
186,237,981,1.07,2023-02-13
187,976,682,32.26,2023-02-14
188,902,914,13.81,2023-02-14
189,870,828,3.6,2023-02-15
190,82,137,15.36,2023-02-17
191,878,655,49.35,2023-02-17
192,582,521,7.4,2023-02-17
193,641,466,12.63,2023-02-20
194,223,856,50.51,2023-02-21
195,147,593,6.14,2023-02-22
196,1000,69,21.2,2023-02-23
197,163,879,4.43,2023-02-27
198,900,314,96.19,2023-02-27
199,154,242,15.28,2023-02-28
200,259,157,44.69,2023-03-01
201,369,204,29.11,2023-03-01
202,722,314,39.85,2023-03-05
203,374,110,3.38,2023-03-07
204,957,940,60.7,2023-03-08
205,64,598,11.55,2023-03-11
206,956,241,33.0,2023-03-14
207,411,405,22.73,2023-03-14
208,112,169,71.55,2023-03-17
209,712,248,10.43,2023-03-17
210,583,555,18.98,2023-03-19
211,441,882,58.55,2023-03-22
212,710,595,8.35,2023-03-22
213,991,380,51.59,2023-03-25
214,397,753,75.66,2023-03-26
215,806,825,5.77,2023-03-27
216,932,676,70.99,2023-03-28
217,127,842,26.11,2023-03-28
218,749,972,8.84,2023-03-30
219,973,877,1.67,2023-04-01
220,566,984,56.83,2023-04-01
221,857,603,46.99,2023-04-04
222,811,375,73.1,2023-04-04
223,189,883,24.84,2023-04-06
224,349,528,27.28,2023-04-06
225,984,509,42.7,2023-04-06
226,939,926,15.67,2023-04-07
227,695,369,10.85,2023-04-08
228,712,123,8.49,2023-04-09
229,249,961,2.97,2023-04-10
230,938,947,61.63,2023-04-16
231,337,561,25.98,2023-04-16
232,185,867,44.37,2023-04-17
233,893,797,40.52,2023-04-18
234,146,615,4.93,2023-04-21
235,413,913,61.17,2023-04-24
236,986,408,43.65,2023-04-30
237,93,242,56.3,2023-04-30
238,874,439,27.29,2023-05-03
239,342,827,45.99,2023-05-04
240,116,61,62.87,2023-05-09
241,270,838,41.36,2023-05-09
242,130,923,5.75,2023-05-11
243,986,66,5.49,2023-05-12
244,718,972,13.25,2023-05-15
245,325,149,56.12,2023-05-15
246,965,162,47.07,2023-05-16
247,40,320,23.94,2023-05-16
248,646,965,27.26,2023-05-17
249,685,340,92.9,2023-05-17
250,172,109,42.44,2023-05-19
251,118,595,42.37,2023-05-22
252,916,706,60.28,2023-05-22
253,965,624,31.37,2023-05-23
254,224,291,7.94,2023-05-27
255,543,369,10.87,2023-05-27
256,662,423,5.7,2023-05-28
257,467,64,27.35,2023-05-29
258,66,796,70.4,2023-05-29
259,979,1000,27.35,2023-05-30
260,758,835,29.08,2023-05-31
261,659,778,36.03,2023-06-01
262,376,888,24.51,2023-06-02
263,363,927,69.89,2023-06-03
264,1,52,25.02,2023-06-05
265,193,879,18.28,2023-06-05
266,401,478,15.72,2023-06-06
267,198,327,50.3,2023-06-07
268,901,677,5.07,2023-06-08
269,72,964,8.65,2023-06-15
270,374,936,24.47,2023-06-15
271,224,564,66.46,2023-06-16
272,706,408,33.74,2023-06-18
273,364,932,35.42,2023-06-19
274,871,12,49.84,2023-06-19
275,764,989,11.87,2023-06-19
276,263,714,19.32,2023-06-19
277,769,423,45.0,2023-06-19
278,631,773,29.8,2023-06-21
279,85,944,20.47,2023-06-21
280,935,989,4.98,2023-06-22
281,314,705,47.41,2023-06-25
282,473,287,30.01,2023-06-26
283,907,660,60.75,2023-06-26
284,986,249,12.74,2023-06-30
285,746,55,65.61,2023-06-30
286,868,865,81.69,2023-07-02
287,973,648,20.26,2023-07-03
288,996,318,12.77,2023-07-03
289,835,501,34.41,2023-07-10
290,72,443,51.51,2023-07-12
291,918,269,41.46,2023-07-12
292,82,850,44.1,2023-07-15
293,770,602,4.46,2023-07-18
294,631,913,137.01,2023-07-21
295,231,874,30.03,2023-07-22
296,667,98,84.55,2023-07-28
297,682,749,40.33,2023-07-29
298,74,664,31.96,2023-07-31
299,686,901,15.01,2023-08-01
300,738,874,71.33,2023-08-02
301,323,37,22.32,2023-08-03
302,193,647,43.57,2023-08-08
303,970,705,5.37,2023-08-11
304,719,113,67.37,2023-08-14
305,108,592,3.86,2023-08-15
306,710,184,23.59,2023-08-15
307,701,947,85.97,2023-08-17
308,979,924,38.71,2023-08-17
309,571,954,22.82,2023-08-19
310,590,555,45.29,2023-08-20
311,419,986,8.47,2023-08-21
312,870,95,16.9,2023-08-21
313,274,382,12.26,2023-08-21
314,138,796,68.32,2023-08-22
315,815,925,26.48,2023-08-23
316,303,993,28.82,2023-08-24
317,792,925,18.76,2023-08-25
318,124,546,7.1,2023-08-26
319,592,809,55.38,2023-08-26
320,36,924,67.92,2023-08-28
321,411,269,20.84,2023-08-28
322,62,885,9.12,2023-08-30
323,455,224,96.59,2023-09-05
324,116,960,3.75,2023-09-07
325,326,109,60.78,2023-09-08
326,546,916,59.51,2023-09-10
327,856,415,21.78,2023-09-11
328,335,234,28.18,2023-09-12
329,1,825,20.31,2023-09-13
330,897,981,78.71,2023-09-14
331,10,211,62.25,2023-09-14
332,248,135,130.62,2023-09-18
333,638,674,30.12,2023-09-23
334,683,830,51.35,2023-09-24
335,156,429,6.29,2023-09-24
336,84,697,51.67,2023-09-25
337,696,879,66.3,2023-09-25
338,382,356,7.77,2023-09-25
339,873,960,18.45,2023-09-26
340,965,896,16.9,2023-09-28
341,346,135,1.0,2023-09-29
342,1,749,31.2,2023-09-29
343,974,838,7.29,2023-09-30
344,933,957,6.61,2023-10-01
345,758,920,18.48,2023-10-02
346,938,973,59.58,2023-10-02
347,111,895,5.37,2023-10-04
348,768,543,41.86,2023-10-04
349,902,190,66.63,2023-10-05
350,717,361,31.77,2023-10-06
351,963,850,1.0,2023-10-07
352,370,494,4.18,2023-10-08
353,89,693,51.23,2023-10-12
354,285,147,36.98,2023-10-13
355,712,892,43.03,2023-10-14
356,335,937,41.1,2023-10-17
357,103,392,36.88,2023-10-18
358,213,995,2.49,2023-10-18
359,237,973,59.93,2023-10-20
360,105,118,49.49,2023-10-22
361,739,748,28.43,2023-10-23
362,553,165,64.96,2023-10-23
363,108,592,35.97,2023-10-23
364,706,540,14.05,2023-10-24
365,601,216,3.43,2023-10-24
366,980,593,53.68,2023-10-24
367,840,939,13.24,2023-10-25
368,322,968,70.74,2023-10-25
369,982,9,28.56,2023-10-26
370,342,838,61.74,2023-10-27
371,897,54,80.48,2023-10-28
372,209,563,7.57,2023-10-29
373,185,163,1.0,2023-10-29
374,748,506,37.89,2023-10-31
375,363,966,38.71,2023-11-05
376,783,978,3.72,2023-11-07
377,802,947,59.94,2023-11-15
378,473,287,3.78,2023-11-15
379,43,961,37.86,2023-11-16
380,58,236,53.23,2023-11-16
381,865,913,22.82,2023-11-16
382,573,773,1.0,2023-11-17
383,888,436,1.92,2023-11-17
384,601,913,10.48,2023-11-19
385,854,268,70.32,2023-11-21
386,255,668,52.93,2023-11-24
387,263,105,10.03,2023-11-24
388,662,312,40.5,2023-11-25
389,817,441,88.66,2023-11-26
390,656,493,4.7,2023-11-26
391,250,192,11.65,2023-11-28
392,924,940,1.67,2023-11-30
393,986,286,8.34,2023-12-03
394,244,738,1.0,2023-12-03
395,903,318,3.92,2023-12-03
396,754,108,2.89,2023-12-04
397,646,848,82.36,2023-12-06
398,205,467,15.7,2023-12-08
399,473,31,9.97,2023-12-08
400,489,404,12.18,2023-12-09
401,907,926,76.05,2023-12-12
402,982,763,41.16,2023-12-13
403,328,538,33.17,2023-12-15
404,274,598,19.29,2023-12-16
405,625,825,6.03,2023-12-20
406,461,973,74.82,2023-12-24
407,526,720,94.26,2023-12-24
408,195,973,20.44,2023-12-25
409,472,807,4.26,2023-12-25
410,85,191,46.33,2023-12-26
411,578,248,15.84,2023-12-29
412,827,400,59.13,2023-12-31
413,752,438,43.27,2023-12-31
414,620,442,15.61,2023-12-31
415,846,430,11.34,2024-01-01
416,430,55,36.62,2024-01-01
417,65,620,19.91,2024-01-01
418,214,365,18.75,2024-01-01
419,878,242,54.18,2024-01-02
420,108,130,24.27,2024-01-02
421,309,119,140.03,2024-01-02
422,769,648,48.39,2024-01-03
423,184,1,42.48,2024-01-05
424,412,173,39.98,2024-01-05
425,66,930,13.14,2024-01-06
426,429,579,9.21,2024-01-06
427,714,214,13.48,2024-01-09
428,954,647,51.72,2024-01-10
429,935,764,4.45,2024-01-10
430,215,844,10.54,2024-01-11
431,141,245,28.59,2024-01-11
432,263,967,38.51,2024-01-12
433,743,563,57.21,2024-01-13
434,179,438,81.49,2024-01-14
435,318,263,6.75,2024-01-17
436,197,965,55.76,2024-01-19
437,609,5,137.71,2024-01-19
438,710,827,44.83,2024-01-21
439,890,948,57.48,2024-01-23
440,731,296,4.09,2024-01-23
441,919,220,57.52,2024-01-27
442,262,317,4.94,2024-01-27
443,922,869,99.2,2024-01-27
444,341,837,1.0,2024-01-30
445,946,433,20.12,2024-01-30
446,1,830,8.68,2024-01-30
447,73,420,77.35,2024-02-04
448,173,38,106.3,2024-02-04
449,422,460,8.96,2024-02-06
450,192,963,80.54,2024-02-06
451,65,466,47.31,2024-02-06
452,976,890,25.21,2024-02-07
453,593,923,116.46,2024-02-10
454,391,234,11.55,2024-02-11
455,801,387,31.28,2024-02-13
456,769,350,49.57,2024-02-15
457,440,961,12.24,2024-02-16
458,826,171,38.38,2024-02-17
459,393,78,56.54,2024-02-18
460,621,241,43.63,2024-02-19
461,818,130,4.42,2024-02-20
462,74,945,32.25,2024-02-20
463,374,554,20.62,2024-02-22
464,545,920,82.09,2024-02-23
465,939,948,17.68,2024-02-24
466,964,803,23.73,2024-02-25
467,779,998,172.87,2024-02-27
468,444,520,58.61,2024-02-28
469,345,658,33.28,2024-02-28
470,734,986,8.99,2024-02-29
471,773,680,8.22,2024-03-01
472,875,512,51.64,2024-03-01
473,526,96,36.56,2024-03-01
474,289,503,27.73,2024-03-02
475,68,899,75.99,2024-03-04
476,243,130,15.32,2024-03-05
477,966,108,72.63,2024-03-05
478,100,129,99.22,2024-03-08
479,286,963,21.05,2024-03-09
480,42,41,135.1,2024-03-09
481,914,260,85.96,2024-03-09
482,697,908,22.34,2024-03-10
483,878,434,36.15,2024-03-10
484,952,20,73.27,2024-03-10
485,908,772,48.43,2024-03-11
486,499,375,39.65,2024-03-14
487,59,848,73.76,2024-03-15
488,379,874,34.79,2024-03-15
489,191,929,5.41,2024-03-16
490,543,523,74.24,2024-03-16
491,712,482,42.82,2024-03-18
492,59,791,101.69,2024-03-21
493,888,261,33.14,2024-03-23
494,58,538,5.95,2024-03-24
495,54,88,1.0,2024-03-24
496,936,930,15.93,2024-03-25
497,827,436,0.84,2024-03-26
498,360,184,25.4,2024-03-26
499,976,947,11.42,2024-03-31
500,671,54,62.11,2024-03-31
501,71,947,62.0,2024-04-01
502,966,958,1.13,2024-04-02
503,358,389,58.16,2024-04-05
504,358,96,30.66,2024-04-06
505,890,161,17.81,2024-04-07
506,879,657,13.23,2024-04-08
507,800,923,42.19,2024-04-08
508,895,311,68.82,2024-04-10
509,211,505,71.72,2024-04-10
510,503,173,17.54,2024-04-11
511,137,923,4.46,2024-04-12
512,783,764,50.81,2024-04-14
513,142,427,111.03,2024-04-14
514,425,271,87.05,2024-04-14
515,2,899,75.15,2024-04-15
516,806,439,7.09,2024-04-17
517,925,359,86.0,2024-04-18
518,982,980,9.17,2024-04-23
519,924,828,36.36,2024-04-24
520,961,319,16.42,2024-04-25
521,409,607,27.24,2024-04-26
522,487,810,22.6,2024-04-27
523,78,356,30.48,2024-04-27
524,682,888,82.91,2024-04-29
525,463,438,8.8,2024-04-29
526,924,162,98.0,2024-04-30
